File,Line,Column,DefaultLevel,Level,Category,Name,Warning,Suggestion,Note,CWEs,Context,Fingerprint,ToolVersion,RuleId,HelpUri
libnetutil/netutil.cc,162,3,4,4,format,vfprintf,"If format strings can be influenced by an attacker, they can be exploited (CWE-134).",Use a constant for the format specification.,,CWE-134,"  vfprintf(stderr, str, list);",6db2d2ddfa3f337e22089784ff8397872561ed1d625ad9eedb9ade426c211b28,2.0.19,FF1017,https://cwe.mitre.org/data/definitions/134.html
libnetutil/netutil.cc,181,3,4,4,format,vfprintf,"If format strings can be influenced by an attacker, they can be exploited (CWE-134).",Use a constant for the format specification.,,CWE-134,"  vfprintf(stderr, str, list);",6db2d2ddfa3f337e22089784ff8397872561ed1d625ad9eedb9ade426c211b28,2.0.19,FF1017,https://cwe.mitre.org/data/definitions/134.html
nmap.cc,2704,36,3,3,buffer,getenv,"Environment variables are untrustable input if they can be set by an attacker.  They can have any content and length, and the same variable can be set more than once (CWE-807, CWE-20).",Check environment variables carefully before using them.,,"CWE-807, CWE-20","  if (!foundsomething && (dirptr = getenv(""NMAPDIR""))) {",06e6df8617b8f3ad4c0fc25564bcb92bb8731d3eb50175644cb03c957247476b,2.0.19,FF1053,https://cwe.mitre.org/data/definitions/807.html
NmapOps.cc,157,5,2,2,buffer,memcpy,Does not check for buffer overflows when copying to destination (CWE-120).,Make sure destination can always hold the source data.,,CWE-120,"    memcpy(ss, &sourcesock, sourcesocklen);",930d099e366e646527581acc1c3a27f07ca500027088c1a3752c0c599797f411,2.0.19,FF1004,https://cwe.mitre.org/data/definitions/120.html
NmapOps.cc,175,3,2,2,buffer,memcpy,Does not check for buffer overflows when copying to destination (CWE-120).,Make sure destination can always hold the source data.,,CWE-120,"  memcpy(&sourcesock, ss, ss_len);",e5e86de5fbf61816dc5aeebcac0e2dd2cb54a3fdd95f4c026e1c5e20a00f8d88,2.0.19,FF1004,https://cwe.mitre.org/data/definitions/120.html
NmapOps.cc,193,3,2,2,buffer,char,"Statically-sized arrays can be improperly restricted, leading to potential overflows or other issues (CWE-119!/CWE-120).","Perform bounds checking, use functions that limit length, or ensure that the size is larger than the maximum possible length.",,CWE-119!/CWE-120,  char percent_buffer[10];,ef5b9e3542852411ad71be99791c6e4f8110af97f673096b2a6cf87304160452,2.0.19,FF1013,https://cwe.mitre.org/data/definitions/119.html
NmapOps.cc,599,3,2,2,buffer,char,"Statically-sized arrays can be improperly restricted, leading to potential overflows or other issues (CWE-119!/CWE-120).","Perform bounds checking, use functions that limit length, or ensure that the size is larger than the maximum possible length.",,CWE-119!/CWE-120,  char tmpxsl[MAXPATHLEN];,9901f15e68a73d5d363e1d591639c8bc77471e49a517086ffb0fecc5bd477a07,2.0.19,FF1013,https://cwe.mitre.org/data/definitions/119.html
NmapOps.cc,616,3,2,2,buffer,memcpy,Does not check for buffer overflows when copying to destination (CWE-120).,Make sure destination can always hold the source data.,,CWE-120,"  memcpy(spoof_mac, mac_data, 6);",481965ff6315f8f85eed4c5a2ee6d4a1a733c521d38a5009d2128471d6b0488c,2.0.19,FF1004,https://cwe.mitre.org/data/definitions/120.html
libnetutil/netutil.cc,154,2,2,2,buffer,char,"Statically-sized arrays can be improperly restricted, leading to potential overflows or other issues (CWE-119!/CWE-120).","Perform bounds checking, use functions that limit length, or ensure that the size is larger than the maximum possible length.",,CWE-119!/CWE-120, char errstr[NBASE_MAX_ERR_STR_LEN];,11934911c9480c513f603c7eaecf3b9d4b92e9acad1d38564be5cdb05c0f6b85,2.0.19,FF1013,https://cwe.mitre.org/data/definitions/119.html
libnetutil/netutil.cc,173,2,2,2,buffer,char,"Statically-sized arrays can be improperly restricted, leading to potential overflows or other issues (CWE-119!/CWE-120).","Perform bounds checking, use functions that limit length, or ensure that the size is larger than the maximum possible length.",,CWE-119!/CWE-120, char errstr[NBASE_MAX_ERR_STR_LEN];,11934911c9480c513f603c7eaecf3b9d4b92e9acad1d38564be5cdb05c0f6b85,2.0.19,FF1013,https://cwe.mitre.org/data/definitions/119.html
libnetutil/netutil.cc,220,3,2,2,buffer,char,"Statically-sized arrays can be improperly restricted, leading to potential overflows or other issues (CWE-119!/CWE-120).","Perform bounds checking, use functions that limit length, or ensure that the size is larger than the maximum possible length.",,CWE-119!/CWE-120,  char buf[32];,917f6ed0ae72790ae84d5546f1fd6d51df65d8cc348e82b8bf2389e3a4b61c78,2.0.19,FF1013,https://cwe.mitre.org/data/definitions/119.html
libnetutil/netutil.cc,360,3,2,2,buffer,char,"Statically-sized arrays can be improperly restricted, leading to potential overflows or other issues (CWE-119!/CWE-120).","Perform bounds checking, use functions that limit length, or ensure that the size is larger than the maximum possible length.",,CWE-119!/CWE-120,  char portbuf[16];,869581c5f2260f34a0adcb484d8b23de880c698ce2be67ad93c17922c33958b7,2.0.19,FF1013,https://cwe.mitre.org/data/definitions/119.html
libnetutil/netutil.cc,387,3,2,2,buffer,memcpy,Does not check for buffer overflows when copying to destination (CWE-120).,Make sure destination can always hold the source data.,,CWE-120,"  memcpy(ss, result->ai_addr, *sslen);",3b438a55f1fe01cb8d7cfe356db67b9b83463cc3110e86a4c08a6629b41da24d,2.0.19,FF1004,https://cwe.mitre.org/data/definitions/120.html
libnetutil/netutil.cc,502,9,2,2,buffer,memcpy,Does not check for buffer overflows when copying to destination (CWE-120).,Make sure destination can always hold the source data.,,CWE-120,"        memcpy(mac, Cache[i].mac, 6);",48d170d1197efeddd73027a1bcdbdb31292b06c4b21c048caae6f9fab9f226c1,2.0.19,FF1004,https://cwe.mitre.org/data/definitions/120.html
libnetutil/netutil.cc,520,7,2,2,buffer,memcpy,Does not check for buffer overflows when copying to destination (CWE-120).,Make sure destination can always hold the source data.,,CWE-120,"      memcpy(Cache[i].mac, mac, 6);",2a15173e0186ae1b2b768fbea9b5eed14f49e2f172adcf769a593b0dee5aad42,2.0.19,FF1004,https://cwe.mitre.org/data/definitions/120.html
libnetutil/netutil.cc,526,3,2,2,buffer,memcpy,Does not check for buffer overflows when copying to destination (CWE-120).,Make sure destination can always hold the source data.,,CWE-120,"  memcpy(&Cache[i].ip, ss, sizeof(struct sockaddr_storage));",6514a81fe37761f9fc75085dc3f41aa6d51bb0699a61c0098252d133df8882e9,2.0.19,FF1004,https://cwe.mitre.org/data/definitions/120.html
libnetutil/netutil.cc,527,3,2,2,buffer,memcpy,Does not check for buffer overflows when copying to destination (CWE-120).,Make sure destination can always hold the source data.,,CWE-120,"  memcpy(Cache[i].mac, mac, 6);",2a15173e0186ae1b2b768fbea9b5eed14f49e2f172adcf769a593b0dee5aad42,2.0.19,FF1004,https://cwe.mitre.org/data/definitions/120.html
libnetutil/netutil.cc,664,5,2,2,buffer,memcpy,Does not check for buffer overflows when copying to destination (CWE-120).,Make sure destination can always hold the source data.,,CWE-120,"    memcpy(&sin6->sin6_addr, &ip6->ip6_src, IP6_ADDR_LEN);",ca9e81d72479d4742ab90462a04d539df479d4ac2d072973a4d3430b07068b37,2.0.19,FF1004,https://cwe.mitre.org/data/definitions/120.html
libnetutil/netutil.cc,669,5,2,2,buffer,memcpy,Does not check for buffer overflows when copying to destination (CWE-120).,Make sure destination can always hold the source data.,,CWE-120,"    memcpy(&sin6->sin6_addr, &ip6->ip6_dst, IP6_ADDR_LEN);",2bb311d076647094677b1a5bb8590838b064a96957013ffd3394556fe80fda00,2.0.19,FF1004,https://cwe.mitre.org/data/definitions/120.html
libnetutil/netutil.cc,993,3,2,2,buffer,char,"Statically-sized arrays can be improperly restricted, leading to potential overflows or other issues (CWE-119!/CWE-120).","Perform bounds checking, use functions that limit length, or ensure that the size is larger than the maximum possible length.",,CWE-119!/CWE-120,  char err0r[PCAP_ERRBUF_SIZE] = {0};,00ded898a57942faf46e07ec9250dd708cc123f191d10de82a463526392c5744,2.0.19,FF1013,https://cwe.mitre.org/data/definitions/119.html
libnetutil/netutil.cc,994,3,2,2,buffer,char,"Statically-sized arrays can be improperly restricted, leading to potential overflows or other issues (CWE-119!/CWE-120).","Perform bounds checking, use functions that limit length, or ensure that the size is larger than the maximum possible length.",,CWE-119!/CWE-120,  char pcapdev[128] = {0};,0ff059b945b098d253644c80bd8fa2e9792bbbecce7c85d55f6c69f7bfcf8816,2.0.19,FF1013,https://cwe.mitre.org/data/definitions/119.html
libnetutil/netutil.cc,1058,8,2,2,buffer,char,"Statically-sized arrays can be improperly restricted, leading to potential overflows or other issues (CWE-119!/CWE-120).","Perform bounds checking, use functions that limit length, or ensure that the size is larger than the maximum possible length.",,CWE-119!/CWE-120,static char etht_cache_device_name[64];,2d3fcff6082159600b4660fe39a926fcca774a52c1a0b481289f996bca1e445c,2.0.19,FF1013,https://cwe.mitre.org/data/definitions/119.html
libnetutil/netutil.cc,1314,7,2,2,buffer,memcpy,Does not check for buffer overflows when copying to destination (CWE-120).,Make sure destination can always hold the source data.,,CWE-120,"      memcpy(&tmpshort, q, 2);",fb8db0e15aee6f5ce34d86fbec88ad9185e63db954dcde4c87510e9bcfe21ddc,2.0.19,FF1004,https://cwe.mitre.org/data/definitions/120.html
libnetutil/netutil.cc,1364,11,2,2,buffer,memcpy,Does not check for buffer overflows when copying to destination (CWE-120).,Make sure destination can always hold the source data.,,CWE-120,"          memcpy(&tmpword1, q + i, 4);",aa35250b293a97e52b3ed2b5fea18d7a340c6f5b46edb4d9c463211496d23c5c,2.0.19,FF1004,https://cwe.mitre.org/data/definitions/120.html
libnetutil/netutil.cc,1365,11,2,2,buffer,memcpy,Does not check for buffer overflows when copying to destination (CWE-120).,Make sure destination can always hold the source data.,,CWE-120,"          memcpy(&tmpword2, q + i + 4, 4);",1cc4f2c8ee50a6e9388eded0497b8946f46f1df1ef115c4813180f4df1b64a37,2.0.19,FF1004,https://cwe.mitre.org/data/definitions/120.html
libnetutil/netutil.cc,1379,7,2,2,buffer,memcpy,Does not check for buffer overflows when copying to destination (CWE-120).,Make sure destination can always hold the source data.,,CWE-120,"      memcpy(&tmpword1, q, 4);",5feae070648606a34a1e0c498778964d0abb7dc0511a9dfcd7036d352f5c710b,2.0.19,FF1004,https://cwe.mitre.org/data/definitions/120.html
libnetutil/netutil.cc,1380,7,2,2,buffer,memcpy,Does not check for buffer overflows when copying to destination (CWE-120).,Make sure destination can always hold the source data.,,CWE-120,"      memcpy(&tmpword2, q + 4, 4);",2df3faa078ce8030adef98c37e7fd395e122581399b4dcec0f5a5ae6dde494ac,2.0.19,FF1004,https://cwe.mitre.org/data/definitions/120.html
libnetutil/netutil.cc,1442,3,2,2,buffer,char,"Statically-sized arrays can be improperly restricted, leading to potential overflows or other issues (CWE-119!/CWE-120).","Perform bounds checking, use functions that limit length, or ensure that the size is larger than the maximum possible length.",,CWE-119!/CWE-120,  char canonical_ip_string[NI_MAXHOST];,a8b98ec0e25f568227be9a2cad2baae6c85e8fe95595835121b346f6ae0813cb,2.0.19,FF1013,https://cwe.mitre.org/data/definitions/119.html
libnetutil/netutil.cc,1465,3,2,2,buffer,memcpy,Does not check for buffer overflows when copying to destination (CWE-120).,Make sure destination can always hold the source data.,,CWE-120,"  memcpy(output, ai->ai_addr, ai->ai_addrlen);",08dd1af48dfb720e2cb139542e182f7ff13c1756bc6fab31224a8c9567b6850b,2.0.19,FF1004,https://cwe.mitre.org/data/definitions/120.html
libnetutil/netutil.cc,1529,7,2,2,buffer,memcpy,Does not check for buffer overflows when copying to destination (CWE-120).,Make sure destination can always hold the source data.,,CWE-120,"      memcpy(dcrn->ifaces[dcrn->numifaces].mac, &entry->intf_link_addr.addr_eth.data, 6);",eec589db3635c7df6e4ff911c5d4924e2a89d0a57accee923cca90b2f4e8402d,2.0.19,FF1004,https://cwe.mitre.org/data/definitions/120.html
libnetutil/netutil.cc,1698,12,2,2,buffer,char,"Statically-sized arrays can be improperly restricted, leading to potential overflows or other issues (CWE-119!/CWE-120).","Perform bounds checking, use functions that limit length, or ensure that the size is larger than the maximum possible length.",,CWE-119!/CWE-120,  unsigned char netmask[IP6_ADDR_LEN];,7b0a56f12381a2c24516f7b57dbe1a8f096aef1f6a2ee065c46c28c3acdae8b7,2.0.19,FF1013,https://cwe.mitre.org/data/definitions/119.html
libnetutil/netutil.cc,1917,3,2,2,buffer,char,"Statically-sized arrays can be improperly restricted, leading to potential overflows or other issues (CWE-119!/CWE-120).","Perform bounds checking, use functions that limit length, or ensure that the size is larger than the maximum possible length.",,CWE-119!/CWE-120,  char dev[128];,3501c1ff8145d71266e75a0fcadc90549f0e4000457e2d82e1f38a322d5e4b0b,2.0.19,FF1013,https://cwe.mitre.org/data/definitions/119.html
libnetutil/netutil.cc,1951,8,2,2,buffer,char,"Statically-sized arrays can be improperly restricted, leading to potential overflows or other issues (CWE-119!/CWE-120).","Perform bounds checking, use functions that limit length, or ensure that the size is larger than the maximum possible length.",,CWE-119!/CWE-120,static char buffer[129];,24807614f5aa4287cfcee1d346eb53993f165f36dee276956b8bc095bc3513fe,2.0.19,FF1013,https://cwe.mitre.org/data/definitions/119.html
libnetutil/netutil.cc,2124,10,2,2,buffer,char,"Statically-sized arrays can be improperly restricted, leading to potential overflows or other issues (CWE-119!/CWE-120).","Perform bounds checking, use functions that limit length, or ensure that the size is larger than the maximum possible length.",,CWE-119!/CWE-120,  static char buf[256];,99b0e26f0714a1b8ea8f755bfc65dff466b9953aaeb3337b53520ff610f8c232,2.0.19,FF1013,https://cwe.mitre.org/data/definitions/119.html
libnetutil/netutil.cc,2156,3,2,2,buffer,char,"Statically-sized arrays can be improperly restricted, leading to potential overflows or other issues (CWE-119!/CWE-120).","Perform bounds checking, use functions that limit length, or ensure that the size is larger than the maximum possible length.",,CWE-119!/CWE-120,  char ipstring[32];,bb23b47ef10ba91031f3dd294551e3464a301f1da84a234a4b8159a57a0e99ae,2.0.19,FF1013,https://cwe.mitre.org/data/definitions/119.html
libnetutil/netutil.cc,2358,10,2,2,buffer,char,"Statically-sized arrays can be improperly restricted, leading to potential overflows or other issues (CWE-119!/CWE-120).","Perform bounds checking, use functions that limit length, or ensure that the size is larger than the maximum possible length.",,CWE-119!/CWE-120,"  static char protoinfo[1024] = """";     /* Stores final info string.         */",3e7d3d8c72dd51a3f75584025e685c82545148f71ddd551d68dd6eea2b1a4dac,2.0.19,FF1013,https://cwe.mitre.org/data/definitions/119.html
libnetutil/netutil.cc,2359,3,2,2,buffer,char,"Statically-sized arrays can be improperly restricted, leading to potential overflows or other issues (CWE-119!/CWE-120).","Perform bounds checking, use functions that limit length, or ensure that the size is larger than the maximum possible length.",,CWE-119!/CWE-120,"  char ipinfo[512] = """";                /* Temp info about IP.               */",2ca7cb36535c7b89bbee2bdc4c1ed020e07063fec8b29158fe45a1b1c3c4cec2,2.0.19,FF1013,https://cwe.mitre.org/data/definitions/119.html
libnetutil/netutil.cc,2360,3,2,2,buffer,char,"Statically-sized arrays can be improperly restricted, leading to potential overflows or other issues (CWE-119!/CWE-120).","Perform bounds checking, use functions that limit length, or ensure that the size is larger than the maximum possible length.",,CWE-119!/CWE-120,"  char icmpinfo[512] = """";              /* Temp info about ICMP.             */",f33e8cb45ff1ca74356528ac93c0807c188d9b7a38f2cf91dd0c5c8a38d815ae,2.0.19,FF1013,https://cwe.mitre.org/data/definitions/119.html
libnetutil/netutil.cc,2361,3,2,2,buffer,char,"Statically-sized arrays can be improperly restricted, leading to potential overflows or other issues (CWE-119!/CWE-120).","Perform bounds checking, use functions that limit length, or ensure that the size is larger than the maximum possible length.",,CWE-119!/CWE-120,"  char icmptype[128] = """";              /* Temp info about ICMP type & code  */",8d49b317415e3b2435adb04f5a5cc86f31c209eaeecccee3894b96175d3bca0f,2.0.19,FF1013,https://cwe.mitre.org/data/definitions/119.html
libnetutil/netutil.cc,2362,3,2,2,buffer,char,"Statically-sized arrays can be improperly restricted, leading to potential overflows or other issues (CWE-119!/CWE-120).","Perform bounds checking, use functions that limit length, or ensure that the size is larger than the maximum possible length.",,CWE-119!/CWE-120,"  char icmpfields[256] = """";            /* Temp info for various ICMP fields */",dc8620f6cda1276a613c6d2783641eb509a695a04117e1fc2ccfbf77bd997efc,2.0.19,FF1013,https://cwe.mitre.org/data/definitions/119.html
libnetutil/netutil.cc,2363,3,2,2,buffer,char,"Statically-sized arrays can be improperly restricted, leading to potential overflows or other issues (CWE-119!/CWE-120).","Perform bounds checking, use functions that limit length, or ensure that the size is larger than the maximum possible length.",,CWE-119!/CWE-120,"  char fragnfo[64] = """";                /* Temp info about fragmentation.    */",fb635730a2c5e29f2e902b0146488a94fc332598d77f62304f6d927c9fa13911,2.0.19,FF1013,https://cwe.mitre.org/data/definitions/119.html
libnetutil/netutil.cc,2364,3,2,2,buffer,char,"Statically-sized arrays can be improperly restricted, leading to potential overflows or other issues (CWE-119!/CWE-120).","Perform bounds checking, use functions that limit length, or ensure that the size is larger than the maximum possible length.",,CWE-119!/CWE-120,"  char srchost[INET6_ADDRSTRLEN] = """";  /* Src IP in dot-decimal notation.   */",6ba588bb61c0ab92f793973ffa5ce7debe29c7e5c9d8fb1d81ec408b97b37644,2.0.19,FF1013,https://cwe.mitre.org/data/definitions/119.html
libnetutil/netutil.cc,2365,3,2,2,buffer,char,"Statically-sized arrays can be improperly restricted, leading to potential overflows or other issues (CWE-119!/CWE-120).","Perform bounds checking, use functions that limit length, or ensure that the size is larger than the maximum possible length.",,CWE-119!/CWE-120,"  char dsthost[INET6_ADDRSTRLEN] = """";  /* Dst IP in dot-decimal notation.   */",ce3909f3daaead6d30a762495262bf7199db5224d6e228d470aa3f6be6e5a13d,2.0.19,FF1013,https://cwe.mitre.org/data/definitions/119.html
libnetutil/netutil.cc,2471,5,2,2,buffer,char,"Statically-sized arrays can be improperly restricted, leading to potential overflows or other issues (CWE-119!/CWE-120).","Perform bounds checking, use functions that limit length, or ensure that the size is larger than the maximum possible length.",,CWE-119!/CWE-120,    char tflags[10];,c2640e0b823d271110a4f229d08a52fe62182e4b33a41d176402e24b0ddfe77a,2.0.19,FF1013,https://cwe.mitre.org/data/definitions/119.html
libnetutil/netutil.cc,2472,5,2,2,buffer,char,"Statically-sized arrays can be improperly restricted, leading to potential overflows or other issues (CWE-119!/CWE-120).","Perform bounds checking, use functions that limit length, or ensure that the size is larger than the maximum possible length.",,CWE-119!/CWE-120,"    char tcpinfo[64] = """";",2df9d5185eca9af73f54aa2faddc6b9621e05b3733ef172ecb03fbdbc97a0771,2.0.19,FF1013,https://cwe.mitre.org/data/definitions/119.html
libnetutil/netutil.cc,2473,5,2,2,buffer,char,"Statically-sized arrays can be improperly restricted, leading to potential overflows or other issues (CWE-119!/CWE-120).","Perform bounds checking, use functions that limit length, or ensure that the size is larger than the maximum possible length.",,CWE-119!/CWE-120,    char buf[32];,917f6ed0ae72790ae84d5546f1fd6d51df65d8cc348e82b8bf2389e3a4b61c78,2.0.19,FF1013,https://cwe.mitre.org/data/definitions/119.html
libnetutil/netutil.cc,2474,5,2,2,buffer,char,"Statically-sized arrays can be improperly restricted, leading to potential overflows or other issues (CWE-119!/CWE-120).","Perform bounds checking, use functions that limit length, or ensure that the size is larger than the maximum possible length.",,CWE-119!/CWE-120,"    char tcpoptinfo[256] = """";",1ef9cb39fcaf616f0310666ec8ed0ceca825f50bad0fe70b2cfaddf9cc5dc4a4,2.0.19,FF1013,https://cwe.mitre.org/data/definitions/119.html
libnetutil/netutil.cc,2773,5,2,2,buffer,char,"Statically-sized arrays can be improperly restricted, leading to potential overflows or other issues (CWE-119!/CWE-120).","Perform bounds checking, use functions that limit length, or ensure that the size is larger than the maximum possible length.",,CWE-119!/CWE-120,    char auxbuff[128];    /* Aux buffer                                      */,ab96578fc366d42af1c7ab49b1a693d2f41d4d8947f9ad25967fb35d334d0a54,2.0.19,FF1013,https://cwe.mitre.org/data/definitions/119.html
libnetutil/netutil.cc,2841,9,4,2,buffer,strcpy,Does not check for buffer overflows when copying to destination [MS-banned] (CWE-120).,"Consider using snprintf, strcpy_s, or strlcpy (warning: strncpy easily misused).",Risk is low because the source is a constant string.,CWE-120,"        strcpy(icmptype, ""Echo reply"");",1079078d2aba6925fad77ca7598e64e568d72718facae6a6990be428ec75e055,2.0.19,FF1001,https://cwe.mitre.org/data/definitions/120.html
libnetutil/netutil.cc,2910,15,4,2,buffer,strcpy,Does not check for buffer overflows when copying to destination [MS-banned] (CWE-120).,"Consider using snprintf, strcpy_s, or strlcpy (warning: strncpy easily misused).",Risk is low because the source is a constant string.,CWE-120,"              strcpy(icmptype, ""Port unreachable"");",6f92bc304d383a16b4e4d51fa87f1e8bbd7fb775b6368cab62b20c309fe9ccd7,2.0.19,FF1001,https://cwe.mitre.org/data/definitions/120.html
libnetutil/netutil.cc,2914,13,4,2,buffer,strcpy,Does not check for buffer overflows when copying to destination [MS-banned] (CWE-120).,"Consider using snprintf, strcpy_s, or strlcpy (warning: strncpy easily misused).",Risk is low because the source is a constant string.,CWE-120,"            strcpy(icmptype, ""Fragmentation required"");",2084c76e0068203597d30732268465af0ace46b04cf3616f9877cfa52c7e42c5,2.0.19,FF1001,https://cwe.mitre.org/data/definitions/120.html
libnetutil/netutil.cc,2919,13,4,2,buffer,strcpy,Does not check for buffer overflows when copying to destination [MS-banned] (CWE-120).,"Consider using snprintf, strcpy_s, or strlcpy (warning: strncpy easily misused).",Risk is low because the source is a constant string.,CWE-120,"            strcpy(icmptype, ""Source route failed"");",df5d4890435bd282739c13cf46ab1a938567bc38f0594725640df166f154459a,2.0.19,FF1001,https://cwe.mitre.org/data/definitions/120.html
libnetutil/netutil.cc,2931,13,4,2,buffer,strcpy,Does not check for buffer overflows when copying to destination [MS-banned] (CWE-120).,"Consider using snprintf, strcpy_s, or strlcpy (warning: strncpy easily misused).",Risk is low because the source is a constant string.,CWE-120,"            strcpy(icmptype, ""Source host isolated"");",fd6323056f033f766203a279bd67de168e899e7c9876d9b34aa824946d8db17f,2.0.19,FF1001,https://cwe.mitre.org/data/definitions/120.html
libnetutil/netutil.cc,2951,13,4,2,buffer,strcpy,Does not check for buffer overflows when copying to destination [MS-banned] (CWE-120).,"Consider using snprintf, strcpy_s, or strlcpy (warning: strncpy easily misused).",Risk is low because the source is a constant string.,CWE-120,"            strcpy(icmptype, ""Communication administratively prohibited by filtering"");",6c4e9bb5fe2770282b274227001252ece33356c0eaaa6197d3f2ad3fd546c97a,2.0.19,FF1001,https://cwe.mitre.org/data/definitions/120.html
libnetutil/netutil.cc,2955,13,4,2,buffer,strcpy,Does not check for buffer overflows when copying to destination [MS-banned] (CWE-120).,"Consider using snprintf, strcpy_s, or strlcpy (warning: strncpy easily misused).",Risk is low because the source is a constant string.,CWE-120,"            strcpy(icmptype, ""Host precedence violation"");",d87cae38da2aa482e43b5c1b110157bc973c6b642e392035e3322f6deac029a6,2.0.19,FF1001,https://cwe.mitre.org/data/definitions/120.html
libnetutil/netutil.cc,2959,13,4,2,buffer,strcpy,Does not check for buffer overflows when copying to destination [MS-banned] (CWE-120).,"Consider using snprintf, strcpy_s, or strlcpy (warning: strncpy easily misused).",Risk is low because the source is a constant string.,CWE-120,"            strcpy(icmptype, ""Precedence cutoff in effect"");",44238b05898c42e0904fb2375dc09d671a2ebbfe8336965de86a4c87fa1975d9,2.0.19,FF1001,https://cwe.mitre.org/data/definitions/120.html
libnetutil/netutil.cc,2963,13,4,2,buffer,strcpy,Does not check for buffer overflows when copying to destination [MS-banned] (CWE-120).,"Consider using snprintf, strcpy_s, or strlcpy (warning: strncpy easily misused).",Risk is low because the source is a constant string.,CWE-120,"            strcpy(icmptype, ""Destination unreachable (unknown code)"");",ba01b97f9dd6acfa0539c4bce1ed49c8c246486ab0011e86d2eea7269f5d548b,2.0.19,FF1001,https://cwe.mitre.org/data/definitions/120.html
libnetutil/netutil.cc,2971,9,4,2,buffer,strcpy,Does not check for buffer overflows when copying to destination [MS-banned] (CWE-120).,"Consider using snprintf, strcpy_s, or strlcpy (warning: strncpy easily misused).",Risk is low because the source is a constant string.,CWE-120,"        strcpy(icmptype, ""Source quench"");",a9603321e85ce155c782bdc49a043bcef101b08dadd302c2860d16eda4da16a7,2.0.19,FF1001,https://cwe.mitre.org/data/definitions/120.html
libnetutil/netutil.cc,2977,11,4,2,buffer,strcpy,Does not check for buffer overflows when copying to destination [MS-banned] (CWE-120).,"Consider using snprintf, strcpy_s, or strlcpy (warning: strncpy easily misused).",Risk is low because the source is a constant string.,CWE-120,"          strcpy(icmptype, ""Network redirect"");",033fece1677f71caf0bc85f03d42534ddd1e1543063260e7024621e08541effc,2.0.19,FF1001,https://cwe.mitre.org/data/definitions/120.html
libnetutil/netutil.cc,2979,11,4,2,buffer,strcpy,Does not check for buffer overflows when copying to destination [MS-banned] (CWE-120).,"Consider using snprintf, strcpy_s, or strlcpy (warning: strncpy easily misused).",Risk is low because the source is a constant string.,CWE-120,"          strcpy(icmptype, ""Host redirect"");",a103c71cbe3d46494310ab4da9dd17ba9c0c3b0512df9aa194661364795cef59,2.0.19,FF1001,https://cwe.mitre.org/data/definitions/120.html
libnetutil/netutil.cc,2981,11,4,2,buffer,strcpy,Does not check for buffer overflows when copying to destination [MS-banned] (CWE-120).,"Consider using snprintf, strcpy_s, or strlcpy (warning: strncpy easily misused).",Risk is low because the source is a constant string.,CWE-120,"          strcpy(icmptype, ""Redirect (unknown code)"");",c318b76e5f2542d2f38330e1887fe98741d586185a394c744029346d290b9299,2.0.19,FF1001,https://cwe.mitre.org/data/definitions/120.html
libnetutil/netutil.cc,2989,9,4,2,buffer,strcpy,Does not check for buffer overflows when copying to destination [MS-banned] (CWE-120).,"Consider using snprintf, strcpy_s, or strlcpy (warning: strncpy easily misused).",Risk is low because the source is a constant string.,CWE-120,"        strcpy(icmptype, ""Echo request"");",22b77632219fc12878dc9ac46d3b892b10b2fd098362c3da7c7f6366de726c65,2.0.19,FF1001,https://cwe.mitre.org/data/definitions/120.html
libnetutil/netutil.cc,2996,11,4,2,buffer,strcpy,Does not check for buffer overflows when copying to destination [MS-banned] (CWE-120).,"Consider using snprintf, strcpy_s, or strlcpy (warning: strncpy easily misused).",Risk is low because the source is a constant string.,CWE-120,"          strcpy(icmptype, ""Router advertisement (Mobile Agent Only)"");",af73302c62e65330691be04a37d7caba872e6070e9a8759a0c94044209847e09,2.0.19,FF1001,https://cwe.mitre.org/data/definitions/120.html
libnetutil/netutil.cc,2998,11,4,2,buffer,strcpy,Does not check for buffer overflows when copying to destination [MS-banned] (CWE-120).,"Consider using snprintf, strcpy_s, or strlcpy (warning: strncpy easily misused).",Risk is low because the source is a constant string.,CWE-120,"          strcpy(icmptype, ""Router advertisement"");",5adb1a7550fc00419eaddf7187c25cab6dce9084cd1b2526b15c29955a84d99a,2.0.19,FF1001,https://cwe.mitre.org/data/definitions/120.html
libnetutil/netutil.cc,3008,9,4,2,buffer,strcpy,Does not check for buffer overflows when copying to destination [MS-banned] (CWE-120).,"Consider using snprintf, strcpy_s, or strlcpy (warning: strncpy easily misused).",Risk is low because the source is a constant string.,CWE-120,"        strcpy(icmptype, ""Router solicitation"");",f26c8b862240c27ac3121485c314a3cdfbfb7fd227da8c8029c285de1dabbe2a,2.0.19,FF1001,https://cwe.mitre.org/data/definitions/120.html
libnetutil/netutil.cc,3014,11,4,2,buffer,strcpy,Does not check for buffer overflows when copying to destination [MS-banned] (CWE-120).,"Consider using snprintf, strcpy_s, or strlcpy (warning: strncpy easily misused).",Risk is low because the source is a constant string.,CWE-120,"          strcpy(icmptype, ""TTL=0 during transit"");",c46eb2631d1b7d481be11bbc6ccfd4c409322644dac67cb457195c37c2c39668,2.0.19,FF1001,https://cwe.mitre.org/data/definitions/120.html
libnetutil/netutil.cc,3016,11,4,2,buffer,strcpy,Does not check for buffer overflows when copying to destination [MS-banned] (CWE-120).,"Consider using snprintf, strcpy_s, or strlcpy (warning: strncpy easily misused).",Risk is low because the source is a constant string.,CWE-120,"          strcpy(icmptype, ""TTL=0 during reassembly"");",300b46cd29da109700219bd85a6c602098b4366b2ee9fa1b15662348a721ac84,2.0.19,FF1001,https://cwe.mitre.org/data/definitions/120.html
libnetutil/netutil.cc,3018,11,4,2,buffer,strcpy,Does not check for buffer overflows when copying to destination [MS-banned] (CWE-120).,"Consider using snprintf, strcpy_s, or strlcpy (warning: strncpy easily misused).",Risk is low because the source is a constant string.,CWE-120,"          strcpy(icmptype, ""TTL exceeded (unknown code)"");",99ea8193b48781b100b1b616e9b05391bb3fec449398764acd12cc07feac62bf,2.0.19,FF1001,https://cwe.mitre.org/data/definitions/120.html
libnetutil/netutil.cc,3024,11,4,2,buffer,strcpy,Does not check for buffer overflows when copying to destination [MS-banned] (CWE-120).,"Consider using snprintf, strcpy_s, or strlcpy (warning: strncpy easily misused).",Risk is low because the source is a constant string.,CWE-120,"          strcpy(icmptype, ""Parameter problem (pointer indicates error)"");",e13dc62b116d3bc7d075886ece952d77b924c1692d685025c91f29910e69f355,2.0.19,FF1001,https://cwe.mitre.org/data/definitions/120.html
libnetutil/netutil.cc,3026,11,4,2,buffer,strcpy,Does not check for buffer overflows when copying to destination [MS-banned] (CWE-120).,"Consider using snprintf, strcpy_s, or strlcpy (warning: strncpy easily misused).",Risk is low because the source is a constant string.,CWE-120,"          strcpy(icmptype, ""Parameter problem (option missing)"");",f09a355df0876ab0ba627ed1053e1075d59163743e8e2479ea475e7513ffde3a,2.0.19,FF1001,https://cwe.mitre.org/data/definitions/120.html
libnetutil/netutil.cc,3028,11,4,2,buffer,strcpy,Does not check for buffer overflows when copying to destination [MS-banned] (CWE-120).,"Consider using snprintf, strcpy_s, or strlcpy (warning: strncpy easily misused).",Risk is low because the source is a constant string.,CWE-120,"          strcpy(icmptype, ""Parameter problem (bad length)"");",24ca8f1205cfe26616260adff824fed46422df1b86a24565bf560aa6bd8020e9,2.0.19,FF1001,https://cwe.mitre.org/data/definitions/120.html
libnetutil/netutil.cc,3030,11,4,2,buffer,strcpy,Does not check for buffer overflows when copying to destination [MS-banned] (CWE-120).,"Consider using snprintf, strcpy_s, or strlcpy (warning: strncpy easily misused).",Risk is low because the source is a constant string.,CWE-120,"          strcpy(icmptype, ""Parameter problem (unknown code)"");",aec5481b2ba94a6ffe81500a92c3a453f1fa6d63c97d093c9772fe1d645eb9c4,2.0.19,FF1001,https://cwe.mitre.org/data/definitions/120.html
libnetutil/netutil.cc,3049,9,4,2,buffer,strcpy,Does not check for buffer overflows when copying to destination [MS-banned] (CWE-120).,"Consider using snprintf, strcpy_s, or strlcpy (warning: strncpy easily misused).",Risk is low because the source is a constant string.,CWE-120,"        strcpy(icmptype, ""Information request"");",8b0c47975250cdf3c07fa45a38f10424aa789821cd6af4e914b45b248b73f943,2.0.19,FF1001,https://cwe.mitre.org/data/definitions/120.html
libnetutil/netutil.cc,3055,9,4,2,buffer,strcpy,Does not check for buffer overflows when copying to destination [MS-banned] (CWE-120).,"Consider using snprintf, strcpy_s, or strlcpy (warning: strncpy easily misused).",Risk is low because the source is a constant string.,CWE-120,"        strcpy(icmptype, ""Information reply"");",5cf2483bfd0d0d7b550260d3b362afbaf5f0c20e88f0cb48a9fe4e352aa75edf,2.0.19,FF1001,https://cwe.mitre.org/data/definitions/120.html
libnetutil/netutil.cc,3071,9,4,2,buffer,strcpy,Does not check for buffer overflows when copying to destination [MS-banned] (CWE-120).,"Consider using snprintf, strcpy_s, or strlcpy (warning: strncpy easily misused).",Risk is low because the source is a constant string.,CWE-120,"        strcpy(icmptype, ""Traceroute"");",aa8de4b7adf9264e1eb73a17c7922fea9c2f5197144496523d7703aa21d73ea0,2.0.19,FF1001,https://cwe.mitre.org/data/definitions/120.html
libnetutil/netutil.cc,3076,9,4,2,buffer,strcpy,Does not check for buffer overflows when copying to destination [MS-banned] (CWE-120).,"Consider using snprintf, strcpy_s, or strlcpy (warning: strncpy easily misused).",Risk is low because the source is a constant string.,CWE-120,"        strcpy(icmptype, ""Domain name request"");",19000a35ba3479f0beea0c2ddff18b645f619bd0b4915e8362c74e4bc4513a32,2.0.19,FF1001,https://cwe.mitre.org/data/definitions/120.html
libnetutil/netutil.cc,3081,9,4,2,buffer,strcpy,Does not check for buffer overflows when copying to destination [MS-banned] (CWE-120).,"Consider using snprintf, strcpy_s, or strlcpy (warning: strncpy easily misused).",Risk is low because the source is a constant string.,CWE-120,"        strcpy(icmptype, ""Domain name reply"");",369d5a292c1e04eaf05f6d71a3ddac1e94b22b3f15c93871b00a34058a2f3f7f,2.0.19,FF1001,https://cwe.mitre.org/data/definitions/120.html
libnetutil/netutil.cc,3086,9,4,2,buffer,strcpy,Does not check for buffer overflows when copying to destination [MS-banned] (CWE-120).,"Consider using snprintf, strcpy_s, or strlcpy (warning: strncpy easily misused).",Risk is low because the source is a constant string.,CWE-120,"        strcpy(icmptype, ""Security failures""); /* rfc 2521 */",f7d9b8f9b1915c71dbc717f2fb529696a96dfe6759ae98fd754403519e4257ed,2.0.19,FF1001,https://cwe.mitre.org/data/definitions/120.html
libnetutil/netutil.cc,3090,9,4,2,buffer,strcpy,Does not check for buffer overflows when copying to destination [MS-banned] (CWE-120).,"Consider using snprintf, strcpy_s, or strlcpy (warning: strncpy easily misused).",Risk is low because the source is a constant string.,CWE-120,"        strcpy(icmptype, ""Unknown type""); break;",56fc48a42ebca444add56d39e5d311204c868f8b26bf5d48c3bb3d3e60433774,2.0.19,FF1001,https://cwe.mitre.org/data/definitions/120.html
libnetutil/netutil.cc,3106,9,4,2,buffer,sprintf,Does not check for buffer overflows (CWE-120).,"Use sprintf_s, snprintf, or vsnprintf.",Risk is low because the source has a constant maximum length.,CWE-120,"        sprintf(icmpinfo,""type=%d/code=%d"", ping->type, ping->code);",5db731128a8ee4393d75d965aa3489886a9ed5d318a7df8e8661b32905309be0,2.0.19,FF1015,https://cwe.mitre.org/data/definitions/120.html
libnetutil/netutil.cc,3154,5,2,2,buffer,memcpy,Does not check for buffer overflows when copying to destination (CWE-120).,Make sure destination can always hold the source data.,,CWE-120,"    memcpy(&sin->sin_addr.s_addr, data, IP_ADDR_LEN);",997703576e93cd757fabfa5125200954c8d526e4c0d64a7525b747abe6436af5,2.0.19,FF1004,https://cwe.mitre.org/data/definitions/120.html
libnetutil/netutil.cc,3157,5,2,2,buffer,memcpy,Does not check for buffer overflows when copying to destination (CWE-120).,Make sure destination can always hold the source data.,,CWE-120,"    memcpy(sin6->sin6_addr.s6_addr, data, IP6_ADDR_LEN);",dada1bf9577aad9bfb785f19626f5b2af6875d5a3d9972de76459a1656624871,2.0.19,FF1004,https://cwe.mitre.org/data/definitions/120.html
libnetutil/netutil.cc,3212,3,2,2,buffer,memcpy,Does not check for buffer overflows when copying to destination (CWE-120).,Make sure destination can always hold the source data.,,CWE-120,"  memcpy(RTA_DATA(*rtattr), addr, addrlen);",b0ae912efb69d066b208189b6ee66ab24a548ce6ada36a6cb2ddbfee171e5526,2.0.19,FF1004,https://cwe.mitre.org/data/definitions/120.html
libnetutil/netutil.cc,3243,12,2,2,buffer,char,"Statically-sized arrays can be improperly restricted, leading to potential overflows or other issues (CWE-119!/CWE-120).","Perform bounds checking, use functions that limit length, or ensure that the size is larger than the maximum possible length.",,CWE-119!/CWE-120,  unsigned char buf[512];,4bd84f5f65935ef6a1ec16d4d1071a97d0fb80b49254bb972bf465ae22019f55,2.0.19,FF1013,https://cwe.mitre.org/data/definitions/119.html
libnetutil/netutil.cc,3336,7,2,2,buffer,char,"Statically-sized arrays can be improperly restricted, leading to potential overflows or other issues (CWE-119!/CWE-120).","Perform bounds checking, use functions that limit length, or ensure that the size is larger than the maximum possible length.",,CWE-119!/CWE-120,      char namebuf[IFNAMSIZ];,283e2e9a05b2635e7eb2b3ad6359b616a2b2d7b3bd7736c75e9338de4bdf4a50,2.0.19,FF1013,https://cwe.mitre.org/data/definitions/119.html
libnetutil/netutil.cc,3464,3,2,2,buffer,char,"Statically-sized arrays can be improperly restricted, leading to potential overflows or other issues (CWE-119!/CWE-120).","Perform bounds checking, use functions that limit length, or ensure that the size is larger than the maximum possible length.",,CWE-119!/CWE-120,  char namebuf[32];,ebb9cd13da67490e7ca1775f3d29193091d912f0e65b6bd802d4d7d454151c92,2.0.19,FF1013,https://cwe.mitre.org/data/definitions/119.html
libnetutil/netutil.cc,3465,3,2,2,buffer,char,"Statically-sized arrays can be improperly restricted, leading to potential overflows or other issues (CWE-119!/CWE-120).","Perform bounds checking, use functions that limit length, or ensure that the size is larger than the maximum possible length.",,CWE-119!/CWE-120,  char errstr[256];,0c2f27bd0371fef66097aed99d0ed6e341bbd1fa70da59d8e03efdec79bf9f45,2.0.19,FF1013,https://cwe.mitre.org/data/definitions/119.html
libnetutil/netutil.cc,3694,7,2,2,buffer,memcpy,Does not check for buffer overflows when copying to destination (CWE-120).,Make sure destination can always hold the source data.,,CWE-120,"      memcpy(eth_frame + 14, packet, packetlen);",bbdfa26ffa2af865ba34a4d5ad5d889eed94e380b0f88d3bc1229e844e74fc28,2.0.19,FF1004,https://cwe.mitre.org/data/definitions/120.html
libnetutil/netutil.cc,3700,7,2,2,buffer,memcpy,Does not check for buffer overflows when copying to destination (CWE-120).,Make sure destination can always hold the source data.,,CWE-120,"      memcpy(eth_frame + 4, packet, packetlen);",365ef3fa0c226984763647c01364d39ec36cac9196a379c3a893f401d2a9a7f1,2.0.19,FF1004,https://cwe.mitre.org/data/definitions/120.html
libnetutil/netutil.cc,3819,3,2,2,buffer,memcpy,Does not check for buffer overflows when copying to destination (CWE-120).,Make sure destination can always hold the source data.,,CWE-120,"  memcpy(fpacket, packet, headerlen + mtu);",e09138cd102a52ebc6f7c1a7dd04cd8ae00de62fe8950e7bb3bbc8c9bb34e17c,2.0.19,FF1004,https://cwe.mitre.org/data/definitions/120.html
libnetutil/netutil.cc,3834,7,2,2,buffer,memcpy,Does not check for buffer overflows when copying to destination (CWE-120).,Make sure destination can always hold the source data.,,CWE-120,"      memcpy(fpacket + headerlen,",0794db8771d1c60a9fddc2e33aaebfbacae79da0edcc8c9295903f958da44e80,2.0.19,FF1004,https://cwe.mitre.org/data/definitions/120.html
libnetutil/netutil.cc,3912,3,2,2,buffer,memcpy,Does not check for buffer overflows when copying to destination (CWE-120).,Make sure destination can always hold the source data.,,CWE-120,"  memcpy(CMSG_DATA(cm), data, len);",14b226f071007e3dd2e363720079cf32fb655f21e01bed0a7d3f54c36cd4815f,2.0.19,FF1004,https://cwe.mitre.org/data/definitions/120.html
libnetutil/netutil.cc,4091,5,2,2,buffer,char,"Statically-sized arrays can be improperly restricted, leading to potential overflows or other issues (CWE-119!/CWE-120).","Perform bounds checking, use functions that limit length, or ensure that the size is larger than the maximum possible length.",,CWE-119!/CWE-120,    char dnetd[64];,c0608ff61232a04e93d9f5b8b3e71ab2725acba4875504c6eb61927499b44b74,2.0.19,FF1013,https://cwe.mitre.org/data/definitions/119.html
libnetutil/netutil.cc,4092,5,2,2,buffer,char,"Statically-sized arrays can be improperly restricted, leading to potential overflows or other issues (CWE-119!/CWE-120).","Perform bounds checking, use functions that limit length, or ensure that the size is larger than the maximum possible length.",,CWE-119!/CWE-120,    char pcapd[128];,c897d9ecde96857e961247ad22505cd535173eb1c80d00458cca4d9cb5baa6c0,2.0.19,FF1013,https://cwe.mitre.org/data/definitions/119.html
libnetutil/netutil.cc,4097,5,2,2,buffer,char,"Statically-sized arrays can be improperly restricted, leading to potential overflows or other issues (CWE-119!/CWE-120).","Perform bounds checking, use functions that limit length, or ensure that the size is larger than the maximum possible length.",,CWE-119!/CWE-120,    char dnetd[64];,c0608ff61232a04e93d9f5b8b3e71ab2725acba4875504c6eb61927499b44b74,2.0.19,FF1013,https://cwe.mitre.org/data/definitions/119.html
libnetutil/netutil.cc,4102,3,2,2,buffer,char,"Statically-sized arrays can be improperly restricted, leading to potential overflows or other issues (CWE-119!/CWE-120).","Perform bounds checking, use functions that limit length, or ensure that the size is larger than the maximum possible length.",,CWE-119!/CWE-120,  char tmpdev[128];,92fb0e342e062bf792969a2e707ab9c1bcbfc82dfbe99551fe44ddffe0057f61,2.0.19,FF1013,https://cwe.mitre.org/data/definitions/119.html
libnetutil/netutil.cc,4172,3,2,2,buffer,char,"Statically-sized arrays can be improperly restricted, leading to potential overflows or other issues (CWE-119!/CWE-120).","Perform bounds checking, use functions that limit length, or ensure that the size is larger than the maximum possible length.",,CWE-119!/CWE-120,  char err0r[PCAP_ERRBUF_SIZE];,483cd4299d598fc2e72341d7f77ec6b2e639a029613ae871f5bedc24040f384e,2.0.19,FF1013,https://cwe.mitre.org/data/definitions/119.html
libnetutil/netutil.cc,4174,3,2,2,buffer,char,"Statically-sized arrays can be improperly restricted, leading to potential overflows or other issues (CWE-119!/CWE-120).","Perform bounds checking, use functions that limit length, or ensure that the size is larger than the maximum possible length.",,CWE-119!/CWE-120,  char pcapdev[128];,25f325e0182b2704c8e885ddc2b25831e016b4e7d092c72c0742e9626ea66bae,2.0.19,FF1013,https://cwe.mitre.org/data/definitions/119.html
libnetutil/netutil.cc,4255,3,2,2,buffer,char,"Statically-sized arrays can be improperly restricted, leading to potential overflows or other issues (CWE-119!/CWE-120).","Perform bounds checking, use functions that limit length, or ensure that the size is larger than the maximum possible length.",,CWE-119!/CWE-120,  char buf[3072];,ab807dc537f12f6f2405ce584ec68bebdb946076b8ec0536e433a03c62add587,2.0.19,FF1013,https://cwe.mitre.org/data/definitions/119.html
libnetutil/netutil.cc,4528,3,2,2,buffer,memcpy,Does not check for buffer overflows when copying to destination (CWE-120).,Make sure destination can always hold the source data.,,CWE-120,"  memcpy(sendermac, p + offset + 8, 6);",f6ee5d53ac8ec2e330b7f79aab7376842c614d8435230129de7ef26d1c328e9c,2.0.19,FF1004,https://cwe.mitre.org/data/definitions/120.html
libnetutil/netutil.cc,4530,3,2,2,buffer,memcpy,Does not check for buffer overflows when copying to destination (CWE-120).,Make sure destination can always hold the source data.,,CWE-120,"  memcpy(&senderIP->s_addr, p + offset + 14, 4);",a8242d695b9ec4fba640cfd41891bc422835c5e0b3aea5af6dc18cb30536a5d0,2.0.19,FF1004,https://cwe.mitre.org/data/definitions/120.html
libnetutil/netutil.cc,4582,5,2,2,buffer,memcpy,Does not check for buffer overflows when copying to destination (CWE-120).,Make sure destination can always hold the source data.,,CWE-120,"    memcpy(sendermac, &na->icmpv6_mac, 6);",caa1a744c46d804463349cff2c64ed11278a0e0c97be21fb4e8b84a20ed50247,2.0.19,FF1004,https://cwe.mitre.org/data/definitions/120.html
libnetutil/netutil.cc,4588,3,2,2,buffer,memcpy,Does not check for buffer overflows when copying to destination (CWE-120).,Make sure destination can always hold the source data.,,CWE-120,"  memcpy(&senderIP->sin6_addr.s6_addr, &na->icmpv6_target, 16);",2affc987e0164bfd158233ca5a3ac8e1c9be3aa00e2a53d27acee0efbe9c773a,2.0.19,FF1004,https://cwe.mitre.org/data/definitions/120.html
libnetutil/netutil.cc,4630,3,2,2,buffer,char,"Statically-sized arrays can be improperly restricted, leading to potential overflows or other issues (CWE-119!/CWE-120).","Perform bounds checking, use functions that limit length, or ensure that the size is larger than the maximum possible length.",,CWE-119!/CWE-120,  char filterstr[256];,2c8624d6a1a6ea65c72b7a3fcf7e8b9fe62b91dd1e2f2fa0518140a4793a8138,2.0.19,FF1013,https://cwe.mitre.org/data/definitions/119.html
libnetutil/netutil.cc,4640,12,2,2,buffer,char,"Statically-sized arrays can be improperly restricted, leading to potential overflows or other issues (CWE-119!/CWE-120).","Perform bounds checking, use functions that limit length, or ensure that the size is larger than the maximum possible length.",,CWE-119!/CWE-120,"  unsigned char ns_dst_mac[6] = {0x33, 0x33, 0xff};",83336edf4305cade51bbaf9d77217b68fd4f1913520b3920804d66f84584e63d,2.0.19,FF1013,https://cwe.mitre.org/data/definitions/119.html
libnetutil/netutil.cc,4646,12,2,2,buffer,char,"Statically-sized arrays can be improperly restricted, leading to potential overflows or other issues (CWE-119!/CWE-120).","Perform bounds checking, use functions that limit length, or ensure that the size is larger than the maximum possible length.",,CWE-119!/CWE-120,  unsigned char multicast_prefix[13] = {0};,9ec5ce56ffa8423f04fb406f272c710098f439fbec631f4192f2d5550128710a,2.0.19,FF1013,https://cwe.mitre.org/data/definitions/119.html
libnetutil/netutil.cc,4651,3,2,2,buffer,memcpy,Does not check for buffer overflows when copying to destination (CWE-120).,Make sure destination can always hold the source data.,,CWE-120,"  memcpy(ns_dst_ip6.sin6_addr.s6_addr, multicast_prefix, sizeof(multicast_prefix));",377793dc091c11eb2803dd00a4d339cc0cd9f9ae3b77f734c8eb14ad239bf894,2.0.19,FF1004,https://cwe.mitre.org/data/definitions/120.html
libnetutil/netutil.cc,4750,3,2,2,buffer,char,"Statically-sized arrays can be improperly restricted, leading to potential overflows or other issues (CWE-119!/CWE-120).","Perform bounds checking, use functions that limit length, or ensure that the size is larger than the maximum possible length.",,CWE-119!/CWE-120,  char filterstr[256];,2c8624d6a1a6ea65c72b7a3fcf7e8b9fe62b91dd1e2f2fa0518140a4793a8138,2.0.19,FF1013,https://cwe.mitre.org/data/definitions/119.html
libnetutil/netutil.cc,4863,10,2,2,buffer,char,"Statically-sized arrays can be improperly restricted, leading to potential overflows or other issues (CWE-119!/CWE-120).","Perform bounds checking, use functions that limit length, or ensure that the size is larger than the maximum possible length.",,CWE-119!/CWE-120,  static char host_spec[1024];,3f85913492e0d98fb3c3493ab4f98db24e0717a4d7b7b1c5e7ec0cef4b91e759,2.0.19,FF1013,https://cwe.mitre.org/data/definitions/119.html
nmap.cc,517,3,2,2,buffer,char,"Statically-sized arrays can be improperly restricted, leading to potential overflows or other issues (CWE-119!/CWE-120).","Perform bounds checking, use functions that limit length, or ensure that the size is larger than the maximum possible length.",,CWE-119!/CWE-120,  char errstr[256];,0c2f27bd0371fef66097aed99d0ed6e341bbd1fa70da59d8e03efdec79bf9f45,2.0.19,FF1013,https://cwe.mitre.org/data/definitions/119.html
nmap.cc,679,15,2,2,integer,atoi,"Unless checked, the resulting number can exceed the expected range (CWE-190).","If source untrusted, check both minimum and maximum, even if the input had no minus sign (large numbers can roll over into negative number; consider saving to an unsigned value if that is intended).",,CWE-190,          l = atoi(optarg);,a30760ec2ef7c32f88a3e7f54e7cd2df6fc0d1e7f6b0d470c83783196ec0aabc,2.0.19,FF1047,https://cwe.mitre.org/data/definitions/190.html
nmap.cc,711,31,2,2,integer,atoi,"Unless checked, the resulting number can exceed the expected range (CWE-190).","If source untrusted, check both minimum and maximum, even if the input had no minus sign (large numbers can roll over into negative number; consider saving to an unsigned value if that is intended).",,CWE-190,          o.setMaxHostGroupSz(atoi(optarg));,75c8af630fdf605a52acd1ce30793061c2a44a9208f7a64137584b657c2370d6,2.0.19,FF1047,https://cwe.mitre.org/data/definitions/190.html
nmap.cc,713,31,2,2,integer,atoi,"Unless checked, the resulting number can exceed the expected range (CWE-190).","If source untrusted, check both minimum and maximum, even if the input had no minus sign (large numbers can roll over into negative number; consider saving to an unsigned value if that is intended).",,CWE-190,          o.setMinHostGroupSz(atoi(optarg));,a85dae9bbd1db01929efbe34d749d106d116227920a4c0d4d41d53fb15166a4c,2.0.19,FF1047,https://cwe.mitre.org/data/definitions/190.html
nmap.cc,714,15,2,2,integer,atoi,"Unless checked, the resulting number can exceed the expected range (CWE-190).","If source untrusted, check both minimum and maximum, even if the input had no minus sign (large numbers can roll over into negative number; consider saving to an unsigned value if that is intended).",,CWE-190,          if (atoi(optarg) > 100),41eb1ceb7e5f61cfa81294d79e326e27e27c979db03d71b25046ca914409402b,2.0.19,FF1047,https://cwe.mitre.org/data/definitions/190.html
nmap.cc,733,31,2,2,integer,atoi,"Unless checked, the resulting number can exceed the expected range (CWE-190).","If source untrusted, check both minimum and maximum, even if the input had no minus sign (large numbers can roll over into negative number; consider saving to an unsigned value if that is intended).",,CWE-190,          o.min_parallelism = atoi(optarg);,71864ca287d9cf4571bf31165d4362505588c16f674f20ffceda07cbc671d628,2.0.19,FF1047,https://cwe.mitre.org/data/definitions/190.html
nmap.cc,749,19,2,2,integer,atoi,"Unless checked, the resulting number can exceed the expected range (CWE-190).","If source untrusted, check both minimum and maximum, even if the input had no minus sign (large numbers can roll over into negative number; consider saving to an unsigned value if that is intended).",,CWE-190,          o.ttl = atoi(optarg);,6bc4244b7684d554b64181d717e586129b81c96732128d092fdadeef9f715171,2.0.19,FF1047,https://cwe.mitre.org/data/definitions/190.html
nmap.cc,772,33,2,2,integer,atoi,"Unless checked, the resulting number can exceed the expected range (CWE-190).","If source untrusted, check both minimum and maximum, even if the input had no minus sign (large numbers can roll over into negative number; consider saving to an unsigned value if that is intended).",,CWE-190,          o.version_intensity = atoi(optarg);,ab65abd6cf5f53120224a6cd7885fb3aa69ce558baabb6cacf0729e1bfc8d232,2.0.19,FF1047,https://cwe.mitre.org/data/definitions/190.html
nmap.cc,799,45,2,2,integer,atoi,"Unless checked, the resulting number can exceed the expected range (CWE-190).","If source untrusted, check both minimum and maximum, even if the input had no minus sign (large numbers can roll over into negative number; consider saving to an unsigned value if that is intended).",,CWE-190,          delayed_options.pre_max_retries = atoi(optarg);,fcfbd6a09d1fd408b15ae776172981bc314a9f03fab52d4b623ae874c2845cbb,2.0.19,FF1047,https://cwe.mitre.org/data/definitions/190.html
nmap.cc,838,13,2,2,buffer,memcpy,Does not check for buffer overflows when copying to destination (CWE-120).,Make sure destination can always hold the source data.,,CWE-120,"            memcpy(o.extra_payload, tempbuff, len);",2cf0a7f35318a99b8469f745aa427f13158e126989bf3fa79ad1154adc1afbae,2.0.19,FF1004,https://cwe.mitre.org/data/definitions/120.html
nmap.cc,908,11,2,2,buffer,char,"Statically-sized arrays can be improperly restricted, leading to potential overflows or other issues (CWE-119!/CWE-120).","Perform bounds checking, use functions that limit length, or ensure that the size is larger than the maximum possible length.",,CWE-119!/CWE-120,          char buf[MAXPATHLEN];,2cc45cf5dd872b2adb0adeca6074aabac8199b18a08a7c9a9de9b576b6067bdb,2.0.19,FF1013,https://cwe.mitre.org/data/definitions/119.html
nmap.cc,929,25,2,2,misc,fopen,"Check when opening files - can an attacker redirect it (via symlinks), force the opening of special file type (e.g., device files), move things around to create a race condition, control its ancestors, or change its contents? (CWE-362).",,,CWE-362,"            o.inputfd = fopen(optarg, ""r"");",01eccb78ef2727f20144a7720d09d3ab8a78e21ae61f1f31d7e265fbfd8e3562,2.0.19,FF1040,https://cwe.mitre.org/data/definitions/362.html
nmap.cc,959,24,2,2,integer,atoi,"Unless checked, the resulting number can exceed the expected range (CWE-190).","If source untrusted, check both minimum and maximum, even if the input had no minus sign (large numbers can roll over into negative number; consider saving to an unsigned value if that is intended).",,CWE-190,          o.fragscan = atoi(optarg);,654fec992e194f1ef139c7b6cf38dda54553b855f2226e097407073233801bca,2.0.19,FF1047,https://cwe.mitre.org/data/definitions/190.html
nmap.cc,1047,17,2,2,integer,atoi,"Unless checked, the resulting number can exceed the expected range (CWE-190).","If source untrusted, check both minimum and maximum, even if the input had no minus sign (large numbers can roll over into negative number; consider saving to an unsigned value if that is intended).",,CWE-190,        int i = atoi(optarg);,38725b0a5c630398c5e4d4a1c9b530e4bea898a68f9b20f265f3fabf5503b01a,2.0.19,FF1047,https://cwe.mitre.org/data/definitions/190.html
nmap.cc,1074,22,2,2,integer,atoi,"Unless checked, the resulting number can exceed the expected range (CWE-190).","If source untrusted, check both minimum and maximum, even if the input had no minus sign (large numbers can roll over into negative number; consider saving to an unsigned value if that is intended).",,CWE-190,      o.magic_port = atoi(optarg);,049a81d0d73bdce5b9484a2ab950f6e674cf09a32e2b250e8538cdadcaeded61,2.0.19,FF1047,https://cwe.mitre.org/data/definitions/190.html
nmap.cc,1099,21,2,2,misc,fopen,"Check when opening files - can an attacker redirect it (via symlinks), force the opening of special file type (e.g., device files), move things around to create a race condition, control its ancestors, or change its contents? (CWE-362).",,,CWE-362,"        o.inputfd = fopen(optarg, ""r"");",01eccb78ef2727f20144a7720d09d3ab8a78e21ae61f1f31d7e265fbfd8e3562,2.0.19,FF1040,https://cwe.mitre.org/data/definitions/362.html
nmap.cc,1106,45,2,2,integer,atoi,"Unless checked, the resulting number can exceed the expected range (CWE-190).","If source untrusted, check both minimum and maximum, even if the input had no minus sign (large numbers can roll over into negative number; consider saving to an unsigned value if that is intended).",,CWE-190,      delayed_options.pre_max_parallelism = atoi(optarg);,cca41b88c6ef3ec8b5dd11462b31089f8003eab1de330d772f9285d3650980e9,2.0.19,FF1047,https://cwe.mitre.org/data/definitions/190.html
nmap.cc,1139,9,2,2,buffer,char,"Statically-sized arrays can be improperly restricted, leading to potential overflows or other issues (CWE-119!/CWE-120).","Perform bounds checking, use functions that limit length, or ensure that the size is larger than the maximum possible length.",,CWE-119!/CWE-120,"        char buf[4] = ""P\0"";",7a9a4036cac70db57303a3dbc5c3f7e148e2394fe47e45eb0b0f0407b927e40d,2.0.19,FF1013,https://cwe.mitre.org/data/definitions/119.html
nmap.cc,1415,17,2,2,integer,atoi,"Unless checked, the resulting number can exceed the expected range (CWE-190).","If source untrusted, check both minimum and maximum, even if the input had no minus sign (large numbers can roll over into negative number; consider saving to an unsigned value if that is intended).",,CWE-190,        int i = atoi(optarg);,38725b0a5c630398c5e4d4a1c9b530e4bea898a68f9b20f265f3fabf5503b01a,2.0.19,FF1047,https://cwe.mitre.org/data/definitions/190.html
nmap.cc,1418,27,2,2,misc,fopen,"Check when opening files - can an attacker redirect it (via symlinks), force the opening of special file type (e.g., device files), move things around to create a race condition, control its ancestors, or change its contents? (CWE-362).",,,CWE-362,"          o.nmap_stdout = fopen(DEVNULL, ""w"");",1ccded67c0c1dea98bd439ccc41088c8d7ee831bceaba8cb6d5528e4527fa804,2.0.19,FF1040,https://cwe.mitre.org/data/definitions/362.html
nmap.cc,1438,3,2,2,buffer,char,"Statically-sized arrays can be improperly restricted, leading to potential overflows or other issues (CWE-119!/CWE-120).","Perform bounds checking, use functions that limit length, or ensure that the size is larger than the maximum possible length.",,CWE-119!/CWE-120,  char tbuf[128];,26023d8816c1a4e871e48fc06fdedec41fb4da834780da1ba27f4510b8bb502a,2.0.19,FF1013,https://cwe.mitre.org/data/definitions/119.html
nmap.cc,1523,5,2,2,buffer,char,"Statically-sized arrays can be improperly restricted, leading to potential overflows or other issues (CWE-119!/CWE-120).","Perform bounds checking, use functions that limit length, or ensure that the size is larger than the maximum possible length.",,CWE-119!/CWE-120,    char buf[256]; // 256 > 5*40,878ce912b236b7144b247783c9e95f7aba6a50c7fc350a4679c47cbb52e0baaa,2.0.19,FF1013,https://cwe.mitre.org/data/definitions/119.html
nmap.cc,1640,5,2,2,buffer,char,"Statically-sized arrays can be improperly restricted, leading to potential overflows or other issues (CWE-119!/CWE-120).","Perform bounds checking, use functions that limit length, or ensure that the size is larger than the maximum possible length.",,CWE-119!/CWE-120,    char tmphex[3];,a010268e2c0dd9de255f2977af081c1865092ad43a35b2707eb758990a1ea510,2.0.19,FF1013,https://cwe.mitre.org/data/definitions/119.html
nmap.cc,1750,19,2,2,misc,fopen,"Check when opening files - can an attacker redirect it (via symlinks), force the opening of special file type (e.g., device files), move things around to create a race condition, control its ancestors, or change its contents? (CWE-362).",,,CWE-362,"    o.excludefd = fopen(delayed_options.exclude_file, ""r"");",41c5ea4f824fcc3a380380d339002eaafbdfc2bda9da783df6bc97703bb13f0e,2.0.19,FF1040,https://cwe.mitre.org/data/definitions/362.html
nmap.cc,1774,15,2,2,integer,atoi,"Unless checked, the resulting number can exceed the expected range (CWE-190).","If source untrusted, check both minimum and maximum, even if the input had no minus sign (large numbers can roll over into negative number; consider saving to an unsigned value if that is intended).",,CWE-190,          i = atoi(&p[4]);,57684ca70e398951e14dfc18dc5f2a6f6ea48b1ea07b4e402b179095e39da6ed,2.0.19,FF1047,https://cwe.mitre.org/data/definitions/190.html
nmap.cc,1848,3,2,2,buffer,char,"Statically-sized arrays can be improperly restricted, leading to potential overflows or other issues (CWE-119!/CWE-120).","Perform bounds checking, use functions that limit length, or ensure that the size is larger than the maximum possible length.",,CWE-119!/CWE-120,  char mytime[128];,dec1760bd9916cfc154f41ad37be82b8d7695a06dfd795c7a248ae9aa0c3d4b1,2.0.19,FF1013,https://cwe.mitre.org/data/definitions/119.html
nmap.cc,1856,3,2,2,buffer,char,"Statically-sized arrays can be improperly restricted, leading to potential overflows or other issues (CWE-119!/CWE-120).","Perform bounds checking, use functions that limit length, or ensure that the size is larger than the maximum possible length.",,CWE-119!/CWE-120,  char myname[FQDN_LEN + 1];,bad3a206479a188d4b4b41ca9a2552a65662cf67a4b70e7446d89600d7fffb8b,2.0.19,FF1013,https://cwe.mitre.org/data/definitions/119.html
nmap.cc,1860,3,2,2,buffer,char,"Statically-sized arrays can be improperly restricted, leading to potential overflows or other issues (CWE-119!/CWE-120).","Perform bounds checking, use functions that limit length, or ensure that the size is larger than the maximum possible length.",,CWE-119!/CWE-120,"  char hostname[FQDN_LEN + 1] = """";",731d60cb0d5db7d6d7bb59e4b71c6bdc17ed6da404971c938e033c34ea75a10f,2.0.19,FF1013,https://cwe.mitre.org/data/definitions/119.html
nmap.cc,1965,5,2,2,buffer,memcpy,Does not check for buffer overflows when copying to destination (CWE-120).,Make sure destination can always hold the source data.,,CWE-120,"    memcpy(&ftp.server, &((sockaddr_in *)&ss)->sin_addr, 4);",07050c9b886495356826514266cd4b6d8b18a67523d868705dfc1431eb5a1a1f,2.0.19,FF1004,https://cwe.mitre.org/data/definitions/120.html
nmap.cc,2403,3,2,2,buffer,char,"Statically-sized arrays can be improperly restricted, leading to potential overflows or other issues (CWE-119!/CWE-120).","Perform bounds checking, use functions that limit length, or ensure that the size is larger than the maximum possible length.",,CWE-119!/CWE-120,  char nmap_arg_buffer[4096]; /* roughly aligned with arg_parse limit */,82360346851479c7db15112aeadf0f25ef3d0da2d3318358d85f55c0be3b293d,2.0.19,FF1013,https://cwe.mitre.org/data/definitions/119.html
nmap.cc,2464,3,2,2,buffer,memcpy,Does not check for buffer overflows when copying to destination (CWE-120).,Make sure destination can always hold the source data.,,CWE-120,"  memcpy(nmap_arg_buffer + 21, p, q - p);",0e704a063846b758b37eebf8b6b4bc646c93901bb9858d15ddbcb1da151c1f06,2.0.19,FF1004,https://cwe.mitre.org/data/definitions/120.html
nmap.cc,2473,6,2,2,buffer,memcpy,Does not check for buffer overflows when copying to destination (CWE-120).,Make sure destination can always hold the source data.,,CWE-120,"     memcpy(nmap_arg_buffer, unescaped, strlen(unescaped) + 1);",e8dc5f124b75db7c9a41ad14ecb6beacb0c630e3a009fd355e109606021733a7,2.0.19,FF1004,https://cwe.mitre.org/data/definitions/120.html
nmap.cc,2647,3,2,2,buffer,char,"Statically-sized arrays can be improperly restricted, leading to potential overflows or other issues (CWE-119!/CWE-120).","Perform bounds checking, use functions that limit length, or ensure that the size is larger than the maximum possible length.",,CWE-119!/CWE-120,  char appdata[MAX_PATH];,62cb9018aec61cde8f6d7947c448ffff4a4c056de22dd7914e643c602a6031bf,2.0.19,FF1013,https://cwe.mitre.org/data/definitions/119.html
nmap.cc,2694,3,2,2,buffer,char,"Statically-sized arrays can be improperly restricted, leading to potential overflows or other issues (CWE-119!/CWE-120).","Perform bounds checking, use functions that limit length, or ensure that the size is larger than the maximum possible length.",,CWE-119!/CWE-120,  char dot_buffer[512];,d14f6609e28f65d30c715a3fa2625ea4c88ef38b0453e4e90b69d3922ee09253,2.0.19,FF1013,https://cwe.mitre.org/data/definitions/119.html
nmap.cc,2847,3,2,2,buffer,char,"Statically-sized arrays can be improperly restricted, leading to potential overflows or other issues (CWE-119!/CWE-120).","Perform bounds checking, use functions that limit length, or ensure that the size is larger than the maximum possible length.",,CWE-119!/CWE-120,  char pcre2_version[255];,f15d3e42570dccc40833a91e48a7a1a59ed8adeec2fcbec1e2c569c9563a4e8a,2.0.19,FF1013,https://cwe.mitre.org/data/definitions/119.html
NmapOps.cc,210,10,1,1,buffer,strlen,Does not handle strings that are not \0-terminated; if given one it may perform an over-read (it could cause a crash if unprotected) (CWE-126).,,,CWE-126,    i += strlen(percent_buffer);,e8b0cb9b99a042ec45e2a92166941c3a9a0bea2cbb5ec95275f8a1714a7c1642,2.0.19,FF1022,https://cwe.mitre.org/data/definitions/126.html
libnetutil/netutil.cc,1298,18,1,1,buffer,strlen,Does not handle strings that are not \0-terminated; if given one it may perform an over-read (it could cause a crash if unprotected) (CWE-126).,,,CWE-126,      bufsize -= strlen(p);,97a7ccd99f6ec5ce956d6540a68493652a421a2f1e4597260d7e6c6bd26c0564,2.0.19,FF1022,https://cwe.mitre.org/data/definitions/126.html
libnetutil/netutil.cc,1299,12,1,1,buffer,strlen,Does not handle strings that are not \0-terminated; if given one it may perform an over-read (it could cause a crash if unprotected) (CWE-126).,,,CWE-126,      p += strlen(p);,01991604c3ad8e510fc02e96d703b5f3ae6cabaa27c23548dd1e3ddff306fa1d,2.0.19,FF1022,https://cwe.mitre.org/data/definitions/126.html
libnetutil/netutil.cc,1305,18,1,1,buffer,strlen,Does not handle strings that are not \0-terminated; if given one it may perform an over-read (it could cause a crash if unprotected) (CWE-126).,,,CWE-126,      bufsize -= strlen(p);,97a7ccd99f6ec5ce956d6540a68493652a421a2f1e4597260d7e6c6bd26c0564,2.0.19,FF1022,https://cwe.mitre.org/data/definitions/126.html
libnetutil/netutil.cc,1306,12,1,1,buffer,strlen,Does not handle strings that are not \0-terminated; if given one it may perform an over-read (it could cause a crash if unprotected) (CWE-126).,,,CWE-126,      p += strlen(p);,01991604c3ad8e510fc02e96d703b5f3ae6cabaa27c23548dd1e3ddff306fa1d,2.0.19,FF1022,https://cwe.mitre.org/data/definitions/126.html
libnetutil/netutil.cc,1317,18,1,1,buffer,strlen,Does not handle strings that are not \0-terminated; if given one it may perform an over-read (it could cause a crash if unprotected) (CWE-126).,,,CWE-126,      bufsize -= strlen(p);,97a7ccd99f6ec5ce956d6540a68493652a421a2f1e4597260d7e6c6bd26c0564,2.0.19,FF1022,https://cwe.mitre.org/data/definitions/126.html
libnetutil/netutil.cc,1318,12,1,1,buffer,strlen,Does not handle strings that are not \0-terminated; if given one it may perform an over-read (it could cause a crash if unprotected) (CWE-126).,,,CWE-126,      p += strlen(p);,01991604c3ad8e510fc02e96d703b5f3ae6cabaa27c23548dd1e3ddff306fa1d,2.0.19,FF1022,https://cwe.mitre.org/data/definitions/126.html
libnetutil/netutil.cc,1329,18,1,1,buffer,strlen,Does not handle strings that are not \0-terminated; if given one it may perform an over-read (it could cause a crash if unprotected) (CWE-126).,,,CWE-126,      bufsize -= strlen(p);,97a7ccd99f6ec5ce956d6540a68493652a421a2f1e4597260d7e6c6bd26c0564,2.0.19,FF1022,https://cwe.mitre.org/data/definitions/126.html
libnetutil/netutil.cc,1330,12,1,1,buffer,strlen,Does not handle strings that are not \0-terminated; if given one it may perform an over-read (it could cause a crash if unprotected) (CWE-126).,,,CWE-126,      p += strlen(p);,01991604c3ad8e510fc02e96d703b5f3ae6cabaa27c23548dd1e3ddff306fa1d,2.0.19,FF1022,https://cwe.mitre.org/data/definitions/126.html
libnetutil/netutil.cc,1339,18,1,1,buffer,strlen,Does not handle strings that are not \0-terminated; if given one it may perform an over-read (it could cause a crash if unprotected) (CWE-126).,,,CWE-126,      bufsize -= strlen(p);,97a7ccd99f6ec5ce956d6540a68493652a421a2f1e4597260d7e6c6bd26c0564,2.0.19,FF1022,https://cwe.mitre.org/data/definitions/126.html
libnetutil/netutil.cc,1340,12,1,1,buffer,strlen,Does not handle strings that are not \0-terminated; if given one it may perform an over-read (it could cause a crash if unprotected) (CWE-126).,,,CWE-126,      p += strlen(p);,01991604c3ad8e510fc02e96d703b5f3ae6cabaa27c23548dd1e3ddff306fa1d,2.0.19,FF1022,https://cwe.mitre.org/data/definitions/126.html
libnetutil/netutil.cc,1357,20,1,1,buffer,strlen,Does not handle strings that are not \0-terminated; if given one it may perform an over-read (it could cause a crash if unprotected) (CWE-126).,,,CWE-126,        bufsize -= strlen(p);,97a7ccd99f6ec5ce956d6540a68493652a421a2f1e4597260d7e6c6bd26c0564,2.0.19,FF1022,https://cwe.mitre.org/data/definitions/126.html
libnetutil/netutil.cc,1358,14,1,1,buffer,strlen,Does not handle strings that are not \0-terminated; if given one it may perform an over-read (it could cause a crash if unprotected) (CWE-126).,,,CWE-126,        p += strlen(p);,01991604c3ad8e510fc02e96d703b5f3ae6cabaa27c23548dd1e3ddff306fa1d,2.0.19,FF1022,https://cwe.mitre.org/data/definitions/126.html
libnetutil/netutil.cc,1361,20,1,1,buffer,strlen,Does not handle strings that are not \0-terminated; if given one it may perform an over-read (it could cause a crash if unprotected) (CWE-126).,,,CWE-126,        bufsize -= strlen(p);,97a7ccd99f6ec5ce956d6540a68493652a421a2f1e4597260d7e6c6bd26c0564,2.0.19,FF1022,https://cwe.mitre.org/data/definitions/126.html
libnetutil/netutil.cc,1362,14,1,1,buffer,strlen,Does not handle strings that are not \0-terminated; if given one it may perform an over-read (it could cause a crash if unprotected) (CWE-126).,,,CWE-126,        p += strlen(p);,01991604c3ad8e510fc02e96d703b5f3ae6cabaa27c23548dd1e3ddff306fa1d,2.0.19,FF1022,https://cwe.mitre.org/data/definitions/126.html
libnetutil/netutil.cc,1367,22,1,1,buffer,strlen,Does not handle strings that are not \0-terminated; if given one it may perform an over-read (it could cause a crash if unprotected) (CWE-126).,,,CWE-126,          bufsize -= strlen(p);,97a7ccd99f6ec5ce956d6540a68493652a421a2f1e4597260d7e6c6bd26c0564,2.0.19,FF1022,https://cwe.mitre.org/data/definitions/126.html
libnetutil/netutil.cc,1368,16,1,1,buffer,strlen,Does not handle strings that are not \0-terminated; if given one it may perform an over-read (it could cause a crash if unprotected) (CWE-126).,,,CWE-126,          p += strlen(p);,01991604c3ad8e510fc02e96d703b5f3ae6cabaa27c23548dd1e3ddff306fa1d,2.0.19,FF1022,https://cwe.mitre.org/data/definitions/126.html
libnetutil/netutil.cc,1384,18,1,1,buffer,strlen,Does not handle strings that are not \0-terminated; if given one it may perform an over-read (it could cause a crash if unprotected) (CWE-126).,,,CWE-126,      bufsize -= strlen(p);,97a7ccd99f6ec5ce956d6540a68493652a421a2f1e4597260d7e6c6bd26c0564,2.0.19,FF1022,https://cwe.mitre.org/data/definitions/126.html
libnetutil/netutil.cc,1385,12,1,1,buffer,strlen,Does not handle strings that are not \0-terminated; if given one it may perform an over-read (it could cause a crash if unprotected) (CWE-126).,,,CWE-126,      p += strlen(p);,01991604c3ad8e510fc02e96d703b5f3ae6cabaa27c23548dd1e3ddff306fa1d,2.0.19,FF1022,https://cwe.mitre.org/data/definitions/126.html
libnetutil/netutil.cc,1956,5,1,1,buffer,strncpy,Easily used incorrectly; doesn't always \0-terminate or check for invalid pointers [MS-banned] (CWE-120).,,,CWE-120,"    strncpy(buffer, acronym ? short_name : long_name, 128);\",b75e7acfcf11e7324ee82f67dcd29f26fe60adf01c07ed17fdac2e5fd0b2ebb9,2.0.19,FF1008,https://cwe.mitre.org/data/definitions/120.html
libnetutil/netutil.cc,2111,5,1,1,buffer,strncpy,Easily used incorrectly; doesn't always \0-terminate or check for invalid pointers [MS-banned] (CWE-120).,,,CWE-120,"    strncpy(buffer, acronym ? ""unknown"" : ""Unknown protocol"", 128);\",dfb2b5ffa1b1a29a3dec2a7faf6708cf54f7463c3b1827a1c1928237bfe3c3ac,2.0.19,FF1008,https://cwe.mitre.org/data/definitions/120.html
libnetutil/netutil.cc,2620,11,1,1,buffer,strncat,"Easily used incorrectly (e.g., incorrectly computing the correct maximum size to add) [MS-banned] (CWE-120).","Consider strcat_s, strlcat, snprintf, or automatically resizing strings.",,CWE-120,"          strncat(tcpinfo, buf, sizeof(tcpinfo) - strlen(tcpinfo) - 1);",9346c840fe2512f27eb4f9521069fa894496e8843e3afe534857f206c197a2ab,2.0.19,FF1010,https://cwe.mitre.org/data/definitions/120.html
libnetutil/netutil.cc,2620,51,1,1,buffer,strlen,Does not handle strings that are not \0-terminated; if given one it may perform an over-read (it could cause a crash if unprotected) (CWE-126).,,,CWE-126,"          strncat(tcpinfo, buf, sizeof(tcpinfo) - strlen(tcpinfo) - 1);",9346c840fe2512f27eb4f9521069fa894496e8843e3afe534857f206c197a2ab,2.0.19,FF1022,https://cwe.mitre.org/data/definitions/126.html
libnetutil/netutil.cc,2674,9,1,1,buffer,strncat,"Easily used incorrectly (e.g., incorrectly computing the correct maximum size to add) [MS-banned] (CWE-120).","Consider strcat_s, strlcat, snprintf, or automatically resizing strings.",,CWE-120,"        strncat(tcpinfo, buf, sizeof(tcpinfo) - strlen(tcpinfo) - 1);",9346c840fe2512f27eb4f9521069fa894496e8843e3afe534857f206c197a2ab,2.0.19,FF1010,https://cwe.mitre.org/data/definitions/120.html
libnetutil/netutil.cc,2674,49,1,1,buffer,strlen,Does not handle strings that are not \0-terminated; if given one it may perform an over-read (it could cause a crash if unprotected) (CWE-126).,,,CWE-126,"        strncat(tcpinfo, buf, sizeof(tcpinfo) - strlen(tcpinfo) - 1);",9346c840fe2512f27eb4f9521069fa894496e8843e3afe534857f206c197a2ab,2.0.19,FF1022,https://cwe.mitre.org/data/definitions/126.html
libnetutil/netutil.cc,3108,9,1,1,buffer,strncpy,Easily used incorrectly; doesn't always \0-terminate or check for invalid pointers [MS-banned] (CWE-120).,,Risk is low because the source is a constant string.,CWE-120,"        strncpy(icmpinfo,""type=?/code=?"", sizeof(icmpinfo));",4cb6ba76923437c04781f224f0218282a94893a18cb902840cda9afa3a1e8c78,2.0.19,FF1008,https://cwe.mitre.org/data/definitions/120.html
libnetutil/netutil.cc,4832,8,1,1,buffer,getc,"Check buffer boundaries if used in a loop including recursive loops (CWE-120, CWE-20).",,,"CWE-120, CWE-20",  ch = getc(fp);,4c4c5f4d6a73216e7c82a432dfe2126f44dbaaa2839532b1c36c9ac2a7653c2e,2.0.19,FF1029,https://cwe.mitre.org/data/definitions/120.html
libnetutil/netutil.cc,4836,20,1,1,buffer,getc,"Check buffer boundaries if used in a loop including recursive loops (CWE-120, CWE-20).",,,"CWE-120, CWE-20",      while ((ch = getc(fp)) != EOF && ch != '\n'),3b28820585505d8b4e362866d6617561e6f08e52dd2739963edf0c06887ad2cf,2.0.19,FF1029,https://cwe.mitre.org/data/definitions/120.html
libnetutil/netutil.cc,4839,12,1,1,buffer,getc,"Check buffer boundaries if used in a loop including recursive loops (CWE-120, CWE-20).",,,"CWE-120, CWE-20",      ch = getc(fp);,4c4c5f4d6a73216e7c82a432dfe2126f44dbaaa2839532b1c36c9ac2a7653c2e,2.0.19,FF1029,https://cwe.mitre.org/data/definitions/120.html
libnetutil/netutil.cc,4846,10,1,1,buffer,getc,"Check buffer boundaries if used in a loop including recursive loops (CWE-120, CWE-20).",,,"CWE-120, CWE-20",    ch = getc(fp);,4c4c5f4d6a73216e7c82a432dfe2126f44dbaaa2839532b1c36c9ac2a7653c2e,2.0.19,FF1029,https://cwe.mitre.org/data/definitions/120.html
nmap.cc,846,36,1,1,buffer,strlen,Does not handle strings that are not \0-terminated; if given one it may perform an over-read (it could cause a crash if unprotected) (CWE-126).,,,CWE-126,          o.extra_payload_length = strlen(optarg);,2f4f8de39c7177a1c020c1ee6c7424886ada759ac2a14fff134973bdd6746065,2.0.19,FF1022,https://cwe.mitre.org/data/definitions/126.html
nmap.cc,943,15,1,1,buffer,strlen,Does not handle strings that are not \0-terminated; if given one it may perform an over-read (it could cause a crash if unprotected) (CWE-126).,,,CWE-126,          if (strlen(o.idleProxy) > FQDN_LEN) {,6332301d6731fe21c1694b96187cb27498704c78206d897b28954a1253bf7a29,2.0.19,FF1022,https://cwe.mitre.org/data/definitions/126.html
nmap.cc,1773,13,1,1,buffer,strlen,Does not handle strings that are not \0-terminated; if given one it may perform an over-read (it could cause a crash if unprotected) (CWE-126).,,,CWE-126,        if (strlen(p) > 4),5583741afc997d108427b2639d6019be80c4d569326cabde4a6912343c6f8c52,2.0.19,FF1022,https://cwe.mitre.org/data/definitions/126.html
nmap.cc,2461,3,1,1,buffer,strncpy,Easily used incorrectly; doesn't always \0-terminate or check for invalid pointers [MS-banned] (CWE-120).,,Risk is low because the source is a constant string.,CWE-120,"  strncpy(nmap_arg_buffer, ""nmap --append-output "", sizeof(nmap_arg_buffer));",ab807a71274ae93197e7a7f6cdd8827d66228162c54f8e796cb0f48161dfa959,2.0.19,FF1008,https://cwe.mitre.org/data/definitions/120.html
nmap.cc,2471,36,1,1,buffer,strlen,Does not handle strings that are not \0-terminated; if given one it may perform an over-read (it could cause a crash if unprotected) (CWE-126).,,,CWE-126,     if (sizeof(nmap_arg_buffer) < strlen(unescaped) + 1),9845b544f35dec095e2ffc854941ab3b9d881d46b627c4b11b6203df0fe4e7d5,2.0.19,FF1022,https://cwe.mitre.org/data/definitions/126.html
nmap.cc,2473,41,1,1,buffer,strlen,Does not handle strings that are not \0-terminated; if given one it may perform an over-read (it could cause a crash if unprotected) (CWE-126).,,,CWE-126,"     memcpy(nmap_arg_buffer, unescaped, strlen(unescaped) + 1);",e8dc5f124b75db7c9a41ad14ecb6beacb0c630e3a009fd355e109606021733a7,2.0.19,FF1022,https://cwe.mitre.org/data/definitions/126.html
